{
    "1": {
        "a": 7,
        "b": -5,
        "c": 3,
        "result": null
    },
    "2": {
        "a": -5,
        "b": 4,
        "c": -2,
        "result": null
    },
    "3": {
        "a": 4,
        "b": -4,
        "c": 8,
        "result": null
    },
    "4": {
        "a": -9,
        "b": -3,
        "c": -2,
        "result": null
    },
    "5": {
        "a": 5,
        "b": -3,
        "c": 9,
        "result": null
    },
    "6": {
        "a": -6,
        "b": 4,
        "c": -3,
        "result": null
    },
    "7": {
        "a": -10,
        "b": 7,
        "c": 8,
        "result": [
            -0.6104686356149273,
            1.3104686356149273
        ]
    },
    "8": {
        "a": 5,
        "b": -5,
        "c": -5,
        "result": [
            1.618033988749895,
            -0.6180339887498949
        ]
    },
    "9": {
        "a": 8,
        "b": -5,
        "c": 4,
        "result": null
    },
    "10": {
        "a": 7,
        "b": 5,
        "c": -6,
        "result": [
            0.635174570674986,
            -1.3494602849607003
        ]
    },
    "11": {
        "a": -7,
        "b": 2,
        "c": 3,
        "result": [
            -0.5272022514033471,
            0.8129165371176328
        ]
    },
    "12": {
        "a": -6,
        "b": -6,
        "c": -4,
        "result": null
    },
    "13": {
        "a": -9,
        "b": 8,
        "c": -6,
        "result": null
    },
    "14": {
        "a": 6,
        "b": 3,
        "c": 0,
        "result": [
            0.0,
            -0.5
        ]
    },
    "15": {
        "a": -3,
        "b": 8,
        "c": 2,
        "result": [
            -0.23013858660780992,
            2.896805253274477
        ]
    },
    "16": {
        "a": -4,
        "b": 6,
        "c": -3,
        "result": null
    },
    "17": {
        "a": 2,
        "b": -9,
        "c": -7,
        "result": [
            5.176174977679906,
            -0.6761749776799064
        ]
    },
    "18": {
        "a": -8,
        "b": 7,
        "c": 5,
        "result": [
            -0.46605201842506006,
            1.34105201842506
        ]
    },
    "19": {
        "a": -8,
        "b": 9,
        "c": 10,
        "result": [
            -0.6890615246562992,
            1.8140615246562992
        ]
    },
    "20": {
        "a": -4,
        "b": -10,
        "c": -7,
        "result": null
    },
    "21": {
        "a": 8,
        "b": -3,
        "c": 0,
        "result": [
            0.375,
            0.0
        ]
    },
    "22": {
        "a": 9,
        "b": 7,
        "c": -4,
        "result": [
            0.3829135549694336,
            -1.1606913327472113
        ]
    },
    "23": {
        "a": -1,
        "b": -4,
        "c": 9,
        "result": [
            -5.60555127546399,
            1.6055512754639891
        ]
    },
    "24": {
        "a": -9,
        "b": -2,
        "c": 5,
        "result": [
            -0.8647033314583631,
            0.6424811092361409
        ]
    },
    "25": {
        "a": 2,
        "b": -9,
        "c": 5,
        "result": [
            3.850781059358212,
            0.6492189406417879
        ]
    },
    "26": {
        "a": 3,
        "b": 10,
        "c": -8,
        "result": [
            0.6666666666666666,
            -4.0
        ]
    },
    "27": {
        "a": 9,
        "b": 2,
        "c": -1,
        "result": [
            0.24025307335204216,
            -0.4624752955742644
        ]
    },
    "28": {
        "a": 10,
        "b": 7,
        "c": -9,
        "result": [
            0.6611874208078342,
            -1.3611874208078343
        ]
    },
    "29": {
        "a": -8,
        "b": 7,
        "c": 10,
        "result": [
            -0.7630857945186591,
            1.638085794518659
        ]
    },
    "30": {
        "a": 0,
        "b": 2,
        "c": -2,
        "result": 1.0
    },
    "31": {
        "a": -5,
        "b": 10,
        "c": 6,
        "result": [
            -0.4832396974191326,
            2.4832396974191324
        ]
    },
    "32": {
        "a": -4,
        "b": 8,
        "c": 9,
        "result": [
            -0.8027756377319946,
            2.802775637731995
        ]
    },
    "33": {
        "a": 9,
        "b": -9,
        "c": 5,
        "result": null
    },
    "34": {
        "a": 0,
        "b": 5,
        "c": 10,
        "result": -2.0
    },
    "35": {
        "a": -5,
        "b": -4,
        "c": -10,
        "result": null
    },
    "36": {
        "a": -9,
        "b": 8,
        "c": 4,
        "result": [
            -0.3567891723253309,
            1.24567806121422
        ]
    },
    "37": {
        "a": 10,
        "b": 5,
        "c": -6,
        "result": [
            0.5639410298049853,
            -1.0639410298049854
        ]
    },
    "38": {
        "a": 3,
        "b": 9,
        "c": 7,
        "result": null
    },
    "39": {
        "a": 9,
        "b": 7,
        "c": -1,
        "result": [
            0.12330802540516039,
            -0.9010858031829382
        ]
    },
    "40": {
        "a": 1,
        "b": -9,
        "c": -1,
        "result": [
            9.109772228646444,
            -0.10977222864644354
        ]
    },
    "41": {
        "a": 5,
        "b": -3,
        "c": -8,
        "result": [
            1.6,
            -1.0
        ]
    },
    "42": {
        "a": 10,
        "b": 4,
        "c": -3,
        "result": [
            0.3830951894845301,
            -0.78309518948453
        ]
    },
    "43": {
        "a": 10,
        "b": 9,
        "c": -2,
        "result": [
            0.184428877022476,
            -1.0844288770224761
        ]
    },
    "44": {
        "a": 0,
        "b": -1,
        "c": 1,
        "result": 1.0
    },
    "45": {
        "a": 10,
        "b": -8,
        "c": -9,
        "result": [
            1.4295630140987001,
            -0.6295630140987001
        ]
    },
    "46": {
        "a": -3,
        "b": -1,
        "c": 0,
        "result": [
            -0.3333333333333333,
            -0.0
        ]
    },
    "47": {
        "a": 8,
        "b": -7,
        "c": 4,
        "result": null
    },
    "48": {
        "a": 5,
        "b": -5,
        "c": 1,
        "result": [
            0.7236067977499789,
            0.276393202250021
        ]
    },
    "49": {
        "a": 4,
        "b": -9,
        "c": 6,
        "result": null
    },
    "50": {
        "a": -4,
        "b": -8,
        "c": -7,
        "result": null
    },
    "51": {
        "a": -7,
        "b": -8,
        "c": 8,
        "result": [
            -1.7836116248912242,
            0.6407544820340814
        ]
    },
    "52": {
        "a": -4,
        "b": 7,
        "c": 0,
        "result": [
            -0.0,
            1.75
        ]
    },
    "53": {
        "a": 5,
        "b": -10,
        "c": 1,
        "result": [
            1.894427190999916,
            0.10557280900008408
        ]
    },
    "54": {
        "a": -9,
        "b": 3,
        "c": -9,
        "result": null
    },
    "55": {
        "a": 1,
        "b": 4,
        "c": -5,
        "result": [
            1.0,
            -5.0
        ]
    },
    "56": {
        "a": 3,
        "b": -4,
        "c": 1,
        "result": [
            1.0,
            0.3333333333333333
        ]
    },
    "57": {
        "a": 9,
        "b": -1,
        "c": -8,
        "result": [
            1.0,
            -0.8888888888888888
        ]
    },
    "58": {
        "a": 0,
        "b": -3,
        "c": -10,
        "result": -3.3333333333333335
    },
    "59": {
        "a": -5,
        "b": 0,
        "c": 8,
        "result": [
            -1.2649110640673518,
            1.2649110640673518
        ]
    },
    "60": {
        "a": 0,
        "b": 4,
        "c": 2,
        "result": -0.5
    },
    "61": {
        "a": -2,
        "b": 2,
        "c": -2,
        "result": null
    },